email,name,nameOfOrganization,phone
media@petpulsemag1.com,Media Desk,Pet Pulse Magazine,
editorial@tailtrendjournal1.com,Partnerships Team,Tail Trend Journal,
partnerships@pawprintliving1.com,Feature Editor,Pawprint Living,
media@barkandstyle1.com,Production Coordinator,Bark & Style,
hello@fetchlifestyle1.com,Commercial Buyer,Fetch Lifestyle,
features@urbanpetreview1.com,Video Team,Urban Pet Review,
editorial@caninecultureweekly1.com,PR Manager,Canine Culture Weekly,
press@homehounddigest1.com,Editorial Lead,Home Hound Digest,
media@snoutandsociety1.com,Agency Desk,Snout & Society,
partnerships@petscenequarterly1.com,Campaign Producer,Pet Scene Quarterly,
agency@islandadcollective1.com,Media Desk,Island Ad Collective,
partnerships@northshorecreative1.com,Partnerships Team,North Shore Creative,
media@ohanaadworks1.com,Feature Editor,Ohana AdWorks,
bookings@bluewavebrandstudio1.com,Production Coordinator,Blue Wave Brand Studio,
agency@sunsetcampaignhouse1.com,Commercial Buyer,Sunset Campaign House,
production@motionmuttproductions1.com,Video Team,Motion Mutt Productions,
bookings@alohaframeco1.com,PR Manager,Aloha Frame Co,
casting@goldenreelhawaii1.com,Editorial Lead,Golden Reel Hawaii,
media@seabreezevideoteam1.com,Agency Desk,Seabreeze Video Team,
buyers@tradewindcommercials1.com,Campaign Producer,Tradewind Commercials,
buying@pacificspotbuyers1.com,Media Desk,Pacific Spot Buyers,
partnerships@brightbannermedia1.com,Partnerships Team,Bright Banner Media,
press@starlightprgroup1.com,Feature Editor,Starlight PR Group,
media@harborlinepublicity1.com,Production Coordinator,Harborline Publicity,
editorial@coastalfeaturedesk1.com,Commercial Buyer,Coastal Feature Desk,
media@petpulsemag2.com,Video Team,Pet Pulse Magazine,
editorial@tailtrendjournal2.com,PR Manager,Tail Trend Journal,
partnerships@pawprintliving2.com,Editorial Lead,Pawprint Living,
media@barkandstyle2.com,Agency Desk,Bark & Style,
hello@fetchlifestyle2.com,Campaign Producer,Fetch Lifestyle,
features@urbanpetreview2.com,Media Desk,Urban Pet Review,
editorial@caninecultureweekly2.com,Partnerships Team,Canine Culture Weekly,
press@homehounddigest2.com,Feature Editor,Home Hound Digest,
media@snoutandsociety2.com,Production Coordinator,Snout & Society,
partnerships@petscenequarterly2.com,Commercial Buyer,Pet Scene Quarterly,
agency@islandadcollective2.com,Video Team,Island Ad Collective,
partnerships@northshorecreative2.com,PR Manager,North Shore Creative,
media@ohanaadworks2.com,Editorial Lead,Ohana AdWorks,
bookings@bluewavebrandstudio2.com,Agency Desk,Blue Wave Brand Studio,
agency@sunsetcampaignhouse2.com,Campaign Producer,Sunset Campaign House,
production@motionmuttproductions2.com,Media Desk,Motion Mutt Productions,
bookings@alohaframeco2.com,Partnerships Team,Aloha Frame Co,
casting@goldenreelhawaii2.com,Feature Editor,Golden Reel Hawaii,
media@seabreezevideoteam2.com,Production Coordinator,Seabreeze Video Team,
buyers@tradewindcommercials2.com,Commercial Buyer,Tradewind Commercials,
buying@pacificspotbuyers2.com,Video Team,Pacific Spot Buyers,
partnerships@brightbannermedia2.com,PR Manager,Bright Banner Media,
press@starlightprgroup2.com,Editorial Lead,Starlight PR Group,
media@harborlinepublicity2.com,Agency Desk,Harborline Publicity,
editorial@coastalfeaturedesk2.com,Campaign Producer,Coastal Feature Desk,
media@petpulsemag3.com,Media Desk,Pet Pulse Magazine,
editorial@tailtrendjournal3.com,Partnerships Team,Tail Trend Journal,
partnerships@pawprintliving3.com,Feature Editor,Pawprint Living,
media@barkandstyle3.com,Production Coordinator,Bark & Style,
hello@fetchlifestyle3.com,Commercial Buyer,Fetch Lifestyle,
features@urbanpetreview3.com,Video Team,Urban Pet Review,
editorial@caninecultureweekly3.com,PR Manager,Canine Culture Weekly,
press@homehounddigest3.com,Editorial Lead,Home Hound Digest,
media@snoutandsociety3.com,Agency Desk,Snout & Society,
partnerships@petscenequarterly3.com,Campaign Producer,Pet Scene Quarterly,
agency@islandadcollective3.com,Media Desk,Island Ad Collective,
partnerships@northshorecreative3.com,Partnerships Team,North Shore Creative,
media@ohanaadworks3.com,Feature Editor,Ohana AdWorks,
bookings@bluewavebrandstudio3.com,Production Coordinator,Blue Wave Brand Studio,
agency@sunsetcampaignhouse3.com,Commercial Buyer,Sunset Campaign House,
production@motionmuttproductions3.com,Video Team,Motion Mutt Productions,
bookings@alohaframeco3.com,PR Manager,Aloha Frame Co,
casting@goldenreelhawaii3.com,Editorial Lead,Golden Reel Hawaii,
media@seabreezevideoteam3.com,Agency Desk,Seabreeze Video Team,
buyers@tradewindcommercials3.com,Campaign Producer,Tradewind Commercials,
buying@pacificspotbuyers3.com,Media Desk,Pacific Spot Buyers,
partnerships@brightbannermedia3.com,Partnerships Team,Bright Banner Media,
press@starlightprgroup3.com,Feature Editor,Starlight PR Group,
media@harborlinepublicity3.com,Production Coordinator,Harborline Publicity,
editorial@coastalfeaturedesk3.com,Commercial Buyer,Coastal Feature Desk,
media@petpulsemag4.com,Video Team,Pet Pulse Magazine,
editorial@tailtrendjournal4.com,PR Manager,Tail Trend Journal,
partnerships@pawprintliving4.com,Editorial Lead,Pawprint Living,
media@barkandstyle4.com,Agency Desk,Bark & Style,
hello@fetchlifestyle4.com,Campaign Producer,Fetch Lifestyle,
features@urbanpetreview4.com,Media Desk,Urban Pet Review,
editorial@caninecultureweekly4.com,Partnerships Team,Canine Culture Weekly,
press@homehounddigest4.com,Feature Editor,Home Hound Digest,
media@snoutandsociety4.com,Production Coordinator,Snout & Society,
partnerships@petscenequarterly4.com,Commercial Buyer,Pet Scene Quarterly,
agency@islandadcollective4.com,Video Team,Island Ad Collective,
partnerships@northshorecreative4.com,PR Manager,North Shore Creative,
media@ohanaadworks4.com,Editorial Lead,Ohana AdWorks,
bookings@bluewavebrandstudio4.com,Agency Desk,Blue Wave Brand Studio,
agency@sunsetcampaignhouse4.com,Campaign Producer,Sunset Campaign House,
production@motionmuttproductions4.com,Media Desk,Motion Mutt Productions,
bookings@alohaframeco4.com,Partnerships Team,Aloha Frame Co,
casting@goldenreelhawaii4.com,Feature Editor,Golden Reel Hawaii,
media@seabreezevideoteam4.com,Production Coordinator,Seabreeze Video Team,
buyers@tradewindcommercials4.com,Commercial Buyer,Tradewind Commercials,
buying@pacificspotbuyers4.com,Video Team,Pacific Spot Buyers,
partnerships@brightbannermedia4.com,PR Manager,Bright Banner Media,
press@starlightprgroup4.com,Editorial Lead,Starlight PR Group,
media@harborlinepublicity4.com,Agency Desk,Harborline Publicity,
editorial@coastalfeaturedesk4.com,Campaign Producer,Coastal Feature Desk,
media@petpulsemag5.com,Media Desk,Pet Pulse Magazine,
editorial@tailtrendjournal5.com,Partnerships Team,Tail Trend Journal,
partnerships@pawprintliving5.com,Feature Editor,Pawprint Living,
media@barkandstyle5.com,Production Coordinator,Bark & Style,
hello@fetchlifestyle5.com,Commercial Buyer,Fetch Lifestyle,
features@urbanpetreview5.com,Video Team,Urban Pet Review,
editorial@caninecultureweekly5.com,PR Manager,Canine Culture Weekly,
press@homehounddigest5.com,Editorial Lead,Home Hound Digest,
media@snoutandsociety5.com,Agency Desk,Snout & Society,
partnerships@petscenequarterly5.com,Campaign Producer,Pet Scene Quarterly,
agency@islandadcollective5.com,Media Desk,Island Ad Collective,
partnerships@northshorecreative5.com,Partnerships Team,North Shore Creative,
media@ohanaadworks5.com,Feature Editor,Ohana AdWorks,
bookings@bluewavebrandstudio5.com,Production Coordinator,Blue Wave Brand Studio,
agency@sunsetcampaignhouse5.com,Commercial Buyer,Sunset Campaign House,
production@motionmuttproductions5.com,Video Team,Motion Mutt Productions,
bookings@alohaframeco5.com,PR Manager,Aloha Frame Co,
casting@goldenreelhawaii5.com,Editorial Lead,Golden Reel Hawaii,
media@seabreezevideoteam5.com,Agency Desk,Seabreeze Video Team,
buyers@tradewindcommercials5.com,Campaign Producer,Tradewind Commercials,
buying@pacificspotbuyers5.com,Media Desk,Pacific Spot Buyers,
partnerships@brightbannermedia5.com,Partnerships Team,Bright Banner Media,
press@starlightprgroup5.com,Feature Editor,Starlight PR Group,
media@harborlinepublicity5.com,Production Coordinator,Harborline Publicity,
editorial@coastalfeaturedesk5.com,Commercial Buyer,Coastal Feature Desk,
media@petpulsemag6.com,Video Team,Pet Pulse Magazine,
editorial@tailtrendjournal6.com,PR Manager,Tail Trend Journal,
partnerships@pawprintliving6.com,Editorial Lead,Pawprint Living,
media@barkandstyle6.com,Agency Desk,Bark & Style,
hello@fetchlifestyle6.com,Campaign Producer,Fetch Lifestyle,
features@urbanpetreview6.com,Media Desk,Urban Pet Review,
editorial@caninecultureweekly6.com,Partnerships Team,Canine Culture Weekly,
press@homehounddigest6.com,Feature Editor,Home Hound Digest,
media@snoutandsociety6.com,Production Coordinator,Snout & Society,
partnerships@petscenequarterly6.com,Commercial Buyer,Pet Scene Quarterly,
agency@islandadcollective6.com,Video Team,Island Ad Collective,
partnerships@northshorecreative6.com,PR Manager,North Shore Creative,
media@ohanaadworks6.com,Editorial Lead,Ohana AdWorks,
bookings@bluewavebrandstudio6.com,Agency Desk,Blue Wave Brand Studio,
agency@sunsetcampaignhouse6.com,Campaign Producer,Sunset Campaign House,
production@motionmuttproductions6.com,Media Desk,Motion Mutt Productions,
bookings@alohaframeco6.com,Partnerships Team,Aloha Frame Co,
casting@goldenreelhawaii6.com,Feature Editor,Golden Reel Hawaii,
media@seabreezevideoteam6.com,Production Coordinator,Seabreeze Video Team,
buyers@tradewindcommercials6.com,Commercial Buyer,Tradewind Commercials,
buying@pacificspotbuyers6.com,Video Team,Pacific Spot Buyers,
partnerships@brightbannermedia6.com,PR Manager,Bright Banner Media,
press@starlightprgroup6.com,Editorial Lead,Starlight PR Group,
media@harborlinepublicity6.com,Agency Desk,Harborline Publicity,
editorial@coastalfeaturedesk6.com,Campaign Producer,Coastal Feature Desk,
media@petpulsemag7.com,Media Desk,Pet Pulse Magazine,
editorial@tailtrendjournal7.com,Partnerships Team,Tail Trend Journal,
partnerships@pawprintliving7.com,Feature Editor,Pawprint Living,
media@barkandstyle7.com,Production Coordinator,Bark & Style,
hello@fetchlifestyle7.com,Commercial Buyer,Fetch Lifestyle,
features@urbanpetreview7.com,Video Team,Urban Pet Review,
editorial@caninecultureweekly7.com,PR Manager,Canine Culture Weekly,
press@homehounddigest7.com,Editorial Lead,Home Hound Digest,
media@snoutandsociety7.com,Agency Desk,Snout & Society,
partnerships@petscenequarterly7.com,Campaign Producer,Pet Scene Quarterly,
agency@islandadcollective7.com,Media Desk,Island Ad Collective,
partnerships@northshorecreative7.com,Partnerships Team,North Shore Creative,
media@ohanaadworks7.com,Feature Editor,Ohana AdWorks,
bookings@bluewavebrandstudio7.com,Production Coordinator,Blue Wave Brand Studio,
agency@sunsetcampaignhouse7.com,Commercial Buyer,Sunset Campaign House,
production@motionmuttproductions7.com,Video Team,Motion Mutt Productions,
bookings@alohaframeco7.com,PR Manager,Aloha Frame Co,
casting@goldenreelhawaii7.com,Editorial Lead,Golden Reel Hawaii,
media@seabreezevideoteam7.com,Agency Desk,Seabreeze Video Team,
buyers@tradewindcommercials7.com,Campaign Producer,Tradewind Commercials,
buying@pacificspotbuyers7.com,Media Desk,Pacific Spot Buyers,
partnerships@brightbannermedia7.com,Partnerships Team,Bright Banner Media,
press@starlightprgroup7.com,Feature Editor,Starlight PR Group,
media@harborlinepublicity7.com,Production Coordinator,Harborline Publicity,
editorial@coastalfeaturedesk7.com,Commercial Buyer,Coastal Feature Desk,
media@petpulsemag8.com,Video Team,Pet Pulse Magazine,
editorial@tailtrendjournal8.com,PR Manager,Tail Trend Journal,
partnerships@pawprintliving8.com,Editorial Lead,Pawprint Living,
media@barkandstyle8.com,Agency Desk,Bark & Style,
hello@fetchlifestyle8.com,Campaign Producer,Fetch Lifestyle,
features@urbanpetreview8.com,Media Desk,Urban Pet Review,
editorial@caninecultureweekly8.com,Partnerships Team,Canine Culture Weekly,
press@homehounddigest8.com,Feature Editor,Home Hound Digest,
media@snoutandsociety8.com,Production Coordinator,Snout & Society,
partnerships@petscenequarterly8.com,Commercial Buyer,Pet Scene Quarterly,
agency@islandadcollective8.com,Video Team,Island Ad Collective,
partnerships@northshorecreative8.com,PR Manager,North Shore Creative,
media@ohanaadworks8.com,Editorial Lead,Ohana AdWorks,
bookings@bluewavebrandstudio8.com,Agency Desk,Blue Wave Brand Studio,
agency@sunsetcampaignhouse8.com,Campaign Producer,Sunset Campaign House,
production@motionmuttproductions8.com,Media Desk,Motion Mutt Productions,
bookings@alohaframeco8.com,Partnerships Team,Aloha Frame Co,
casting@goldenreelhawaii8.com,Feature Editor,Golden Reel Hawaii,
media@seabreezevideoteam8.com,Production Coordinator,Seabreeze Video Team,
buyers@tradewindcommercials8.com,Commercial Buyer,Tradewind Commercials,
buying@pacificspotbuyers8.com,Video Team,Pacific Spot Buyers,
partnerships@brightbannermedia8.com,PR Manager,Bright Banner Media,
press@starlightprgroup8.com,Editorial Lead,Starlight PR Group,
media@harborlinepublicity8.com,Agency Desk,Harborline Publicity,
editorial@coastalfeaturedesk8.com,Campaign Producer,Coastal Feature Desk,
